{
  "test/integration/opaTests.qunit.js.map": 1724771722090,
  "test/testsuite.qunit.js": 1724770034010,
  "test/integration/pages/RisksList.js": 1724770034214,
  "test/integration/opaTests.qunit.js": 1724770034130,
  "test/integration/FirstJourney.js": 1724770034238,
  "test/integration/pages/RisksObjectPage.js": 1724770034218,
  "xs-app.json": 1724771701099,
  "manifest.json": 1724771702415,
  "Component.js": 1724770033838,
  "test/integration/pages/RisksObjectPage-dbg.js": 1724770034218,
  "test/integration/pages/RisksObjectPage.js.map": 1724771722088,
  "test/integration/pages/RisksList-dbg.js": 1724770034214,
  "test/integration/pages/RisksList.js.map": 1724771722089,
  "test/integration/opaTests.qunit-dbg.js": 1724770034130,
  "i18n/i18n.properties": 1724770069562,
  "test/integration/FirstJourney-dbg.js": 1724770034238,
  "test/integration/FirstJourney.js.map": 1724771722094,
  "test/testsuite.qunit-dbg.js": 1724770034010,
  "test/testsuite.qunit.js.map": 1724771722092,
  "Component-dbg.js": 1724770033838,
  "Component.js.map": 1724771722091,
  "Component-preload.js": 1724771722168,
  "Component-preload.js.map": 1724771722168,
  "test/integration/opaTests.qunit.html": 1724770034130,
  "test/testsuite.qunit.html": 1724770033966,
  "test/flpSandbox.html": 1724770033958,
  "index.html": 1724770033842
}